<?xml version="1.0" encoding="UTF-8" ?>
<!DOCTYPE mapper PUBLIC "-//mybatis.org//DTD Mapper 3.0//EN"
"http://mybatis.org/dtd/mybatis-3-mapper.dtd">
<mapper namespace="dao.UserDao">
	<!-- 根据用户id查询组  -->
	<!-- 分步查询  -->
	<resultMap type="User" id="userMapper">
		<!-- 主键用id -->
		<id column="uid" property="uid" />
		<!-- 普通列用result -->
		<result column="uname" property="uname" />
		
		<!-- 不是集合不能用collection,把查出来的groupId传给下面 -->
		<association property="group" javaType="Group" select="getGroupById" column="groupId" />
	</resultMap>
	
	<select id="getUserById" parameterType="int" resultMap="userMapper">
		select uid, uname, groupId from user_tb where uid=#{uid}
	</select>
	
	<!-- 传int,结果集group -->
	<select id="getGroupById" parameterType="int" resultType="Group">
		select gid, gname from group_tb where gid=#{groupId}
	</select>
</mapper>