<?xml version="1.0" encoding="UTF-8"?>
<beans xmlns="http://www.springframework.org/schema/beans"
       xmlns:xsi="http://www.w3.org/2001/XMLSchema-instance"
       xsi:schemaLocation="
           http://www.springframework.org/schema/beans
           http://www.springframework.org/schema/beans/spring-beans-4.3.xsd
        ">

    <!-- 引入配置文件 -->
    <!-- 类似html的包含，把import里面的内容，添加进来。 -->
    <!--<import resource="spring/spring_1.xml" />-->
    <import resource="spring/spring_2.xml" />
    <!--<import resource="spring/spring_5.xml" />-->
    <!--<import resource="spring/spring_6.xml" />-->
    <!--<import resource="spring/spring_8.xml" />-->
    <!--<import resource="spring/spring_9.xml" />-->
    <!--<import resource="spring/spring_10.xml" />-->
    <!--<import resource="spring/spring_11.xml" />-->
    <import resource="spring/spring_12.xml" />

</beans>