<?xml version="1.0" encoding="UTF-8" ?>
<!DOCTYPE mapper PUBLIC "-//mybatis.org//DTD Mapper 3.0//EN"
"http://mybatis.org/dtd/mybatis-3-mapper.dtd">
<mapper namespace="dao.UserDao">
	<!-- 根据用户id查询组  -->
	<!-- 不用分步查询  -->
	<resultMap type="User" id="userMapper">
		<!-- 主键用id -->
		<id column="uid" property="uid" />
		<!-- 普通列用result -->
		<result column="uname" property="uname" />
		
		<!-- 不是集合不能用collection,把查出来的groupId传给下面 -->
		<association property="group" javaType="Group">
        	<id column="gid" property="gid"/>
        	<result column="gname" property="gname"/>
        </association>
	</resultMap>
	
	<select id="getUserById" parameterType="int" resultMap="userMapper">
		select gid, gname, uid, uname from group_tb g, user_tb u
    	where g.gid = u.groupId and u.uid = #{uid}
	</select>
</mapper>