<?xml version="1.0" encoding="UTF-8"?>
<beans xmlns="http://www.springframework.org/schema/beans"
       xmlns:xsi="http://www.w3.org/2001/XMLSchema-instance"
       xmlns:context="http://www.springframework.org/schema/context"
       xmlns:aop="http://www.springframework.org/schema/aop"
       xmlns:tx="http://www.springframework.org/schema/tx"
       xsi:schemaLocation="http://www.springframework.org/schema/beans
						http://www.springframework.org/schema/beans/spring-beans-3.2.xsd
            http://www.springframework.org/schema/context
            http://www.springframework.org/schema/context/spring-context.xsd
            http://www.springframework.org/schema/tx
            http://www.springframework.org/schema/tx/spring-tx-3.2.xsd
            http://www.springframework.org/schema/aop
            http://www.springframework.org/schema/aop/spring-aop.xsd http://www.springframework.org/schema/cache http://www.springframework.org/schema/cache/spring-cache.xsd">

    <context:property-placeholder location="classpath:jdbc.properties"></context:property-placeholder>

    <bean id="dateSource" class="com.mchange.v2.c3p0.ComboPooledDataSource">
        <property name="driverClass" value="${driver}"></property>
        <property name="jdbcUrl" value="${url}"></property>
        <property name="user" value="${db_username}"></property>
        <property name="password" value="${db_password}"></property>
    </bean>

    <!-- jdbc template -->
    <bean id="jdbcTemplate" class="org.springframework.jdbc.core.JdbcTemplate">
        <property name="dataSource" ref="dateSource"></property>
    </bean>

    <!-- 配置事务管理器 -->
    <bean id="transactionManager" class="org.springframework.jdbc.datasource.DataSourceTransactionManager">
        <!-- 需要注入连接池，通过连接池获取链接 -->
        <property name="dataSource" ref="dateSource"></property>
    </bean>

    <!-- 配置事务通知 -->
    <tx:advice id="myadvice" transaction-manager="transactionManager" >
        <tx:attributes>
            <!--
            isolation:隔离级别
            propagation:传播行为
            read-only:只读
            no-rollback-for:发生哪些异常不回滚
            rollback-for:发生哪些异常回滚
            -->
            <tx:method name="trans*" propagation="REQUIRED"  />
        </tx:attributes>
    </tx:advice>

    <aop:config >
        <!-- 切入点 -->
        <aop:pointcut id="mypointcut" expression="execution(* com.zhizuobiao.class10.*.*(..))" ></aop:pointcut>
        <!-- 切面 -->
        <aop:advisor advice-ref="myadvice"  pointcut-ref="mypointcut" ></aop:advisor>
    </aop:config>

</beans>