<?xml version="1.0" encoding="UTF-8"?>
<beans xmlns="http://www.springframework.org/schema/beans"
       xmlns:xsi="http://www.w3.org/2001/XMLSchema-instance"
       xmlns:context="http://www.springframework.org/schema/context"
       xmlns:aop="http://www.springframework.org/schema/aop"
       xsi:schemaLocation="http://www.springframework.org/schema/beans
						http://www.springframework.org/schema/beans/spring-beans-3.2.xsd
            http://www.springframework.org/schema/context
            http://www.springframework.org/schema/context/spring-context.xsd
            http://www.springframework.org/schema/aop
            http://www.springframework.org/schema/aop/spring-aop.xsd">

    <context:property-placeholder location="classpath:jdbc.properties"></context:property-placeholder>

    <bean id="dateSource" class="com.mchange.v2.c3p0.ComboPooledDataSource">
        <property name="driverClass" value="${driver}"></property>
        <property name="jdbcUrl" value="${url}"></property>
        <property name="user" value="${db_username}"></property>
        <property name="password" value="${db_password}"></property>
    </bean>

    <!-- jdbc template -->
    <bean id="jdbcTemplate" class="org.springframework.jdbc.core.JdbcTemplate">
        <property name="dataSource" ref="dateSource"></property>
    </bean>

    <!-- 配置事务管理器 -->
    <bean id="transactionManager" class="org.springframework.jdbc.datasource.DataSourceTransactionManager">
        <!-- 需要注入连接池，通过连接池获取链接 -->
        <property name="dataSource" ref="dateSource"></property>
    </bean>

    <!-- 配置事务模板类 -->
    <bean id="transactionTemplate" class="org.springframework.transaction.support.TransactionTemplate">
        <!-- 需要注入事务管理器，才能使用spring的事务管理模板 -->
        <property name="transactionManager" ref="transactionManager"></property>
    </bean>

    <!-- 代理对象 , accountService业务类 -->
    <bean id="accountService" class="com.zhizuobiao.class10.AccountServiceImpl">

    </bean>

    <!-- 使用代理对象，代理service业务类，作用：自动对事务处理（提交，回滚）-->
    <bean id="accountServiceProxy" class="org.springframework.transaction.interceptor.TransactionProxyFactoryBean">
        <!-- 目标对象 -->
        <property name="target" ref="accountService"></property>
        <!-- 事务管理器 -->
        <property name="transactionManager" ref="transactionManager"></property>
        <!-- 设置事务的属性 -->
        <property name="transactionAttributes">
            <props>
                <!-- 顺序：传播行为、隔离级别、事务是否只读、异常回滚（指定哪些异常回滚，哪些不会滚） -->
                <!-- +：代表异常的不回滚，-：代表的异常回滚 -->
                <prop key="transAccount">PROPAGATION_REQUIRED,+ArithmeticException</prop>
            </props>
        </property>
    </bean>
</beans>