<?xml version="1.0" encoding="UTF-8"?>
<beans xmlns="http://www.springframework.org/schema/beans"
       xmlns:xsi="http://www.w3.org/2001/XMLSchema-instance"
       xmlns:context="http://www.springframework.org/schema/context"
       xmlns:aop="http://www.springframework.org/schema/aop"
       xsi:schemaLocation="http://www.springframework.org/schema/beans
						http://www.springframework.org/schema/beans/spring-beans-3.2.xsd
            http://www.springframework.org/schema/context
            http://www.springframework.org/schema/context/spring-context.xsd
            http://www.springframework.org/schema/aop
            http://www.springframework.org/schema/aop/spring-aop.xsd">


       <!-- 定义通知类 -->
    <bean id="logInfo" class="com.zhizuobiao.class5.LogInfo"></bean>

    <aop:config>
        <!-- 定义切面 -->
        <aop:aspect ref="logInfo" id="logInfoAspect">
            <!-- 定义切入点 -->
            <aop:pointcut id="mycut" expression="execution(* com.zhizuobiao.class5..*.*(..))"></aop:pointcut>

            <!-- 后置通知 -->
            <!--<aop:after method="after" pointcut-ref="mycut"></aop:after>-->

            <!-- 前置通知 -->
            <!--<aop:before method="before" pointcut-ref="mycut"></aop:before>-->

            <!--<aop:around method="around" pointcut-ref="mycut"></aop:around>-->

            <aop:after-throwing method="throwing" pointcut-ref="mycut" throwing="e"></aop:after-throwing>
            
            <!--<aop:after-returning method="returning" pointcut-ref="mycut" returning="value" ></aop:after-returning>-->

        </aop:aspect>
    </aop:config>

</beans>