<?xml version="1.0" encoding="UTF-8"?>
<beans xmlns="http://www.springframework.org/schema/beans"
       xmlns:xsi="http://www.w3.org/2001/XMLSchema-instance"
       xsi:schemaLocation="
           http://www.springframework.org/schema/beans
           http://www.springframework.org/schema/beans/spring-beans-4.3.xsd
        ">

    <!-- 类的构造方法 实例化 -->
    <bean id="user" class="com.zhizuobiao.class1.User" scope="prototype"></bean>

    <bean id="user2" class="com.zhizuobiao.class1.UserFactory" factory-method="createUser"></bean>


    <!-- 带构造方法参数的bean -->
    <bean id="user3" class="com.zhizuobiao.class1.User">
        <constructor-arg index="0" type="java.lang.String" value="hahahehe"></constructor-arg>
    </bean>

    <bean id="userService" class="com.zhizuobiao.class1.UserServiceImpl" init-method="init"
          destroy-method="destroy" lazy-init="true"></bean>


    <bean id="userService2" class="com.zhizuobiao.class1.UserServiceImpl" >
        <!-- 引入bean的id是user3的对象 ，注入到类中的setting方法中。-->
        <property name="user" ref="user3" ></property>
    </bean>

    <!-- 注入spring类型、list集合、map集合 -->
    <bean id="user4" class="com.zhizuobiao.class1.User">
        <!-- 给User类中id属性赋值：10 -->
        <property name="id" value="10"></property>
        <!-- 给User类中list集合赋值： -->
        <property name="list">
            <list>
                <value>beijing</value>
                <value>shanghai</value>
                <value>nanjing</value>
            </list>
        </property>
        <!-- 给User类中map集合赋值： -->
        <property name="map">
            <map>
                <entry key="name" value="james"></entry>
                <entry key="age" value="33"></entry>
                <entry key="address" value="qishi"></entry>
            </map>
        </property>
    </bean>
</beans>