<?xml version="1.0" encoding="UTF-8"?>
<beans xmlns="http://www.springframework.org/schema/beans"
       xmlns:xsi="http://www.w3.org/2001/XMLSchema-instance"
       xmlns:context="http://www.springframework.org/schema/context"
       xmlns:aop="http://www.springframework.org/schema/aop"
       xsi:schemaLocation="http://www.springframework.org/schema/beans
						http://www.springframework.org/schema/beans/spring-beans-3.2.xsd
            http://www.springframework.org/schema/context
            http://www.springframework.org/schema/context/spring-context.xsd
            http://www.springframework.org/schema/aop
            http://www.springframework.org/schema/aop/spring-aop.xsd">

    <context:property-placeholder location="classpath:jdbc.properties"></context:property-placeholder>

    <!-- 添加数据源 -->
    <!--<bean id="dateSource" class="org.springframework.jdbc.datasource.DriverManagerDataSource">-->
    <!--<property name="driverClassName" value="${driver}"></property>-->
    <!--<property name="url" value="${url}"></property>-->
    <!--<property name="username" value="${db_username}"></property>-->
    <!--<property name="password" value="${db_password}"></property>-->
    <!--</bean>-->

    <!-- dbcp连接池配置 -->
    <!-- 添加连接池策略 -->
    <!--<bean id="dateSource" class="org.apache.commons.dbcp.BasicDataSource">-->
    <!--<property name="driverClassName" value="${driver}"></property>-->
    <!--<property name="url" value="${url}"></property>-->
    <!--<property name="username" value="${db_username}"></property>-->
    <!--<property name="password" value="${db_password}"></property>-->
    <!--</bean>-->

    <bean id="dateSource" class="com.mchange.v2.c3p0.ComboPooledDataSource">
        <property name="driverClass" value="${driver}"></property>
        <property name="jdbcUrl" value="${url}"></property>
        <property name="user" value="${db_username}"></property>
        <property name="password" value="${db_password}"></property>
    </bean>

    <!-- jdbc template -->
    <bean id="jdbcTemplate" class="org.springframework.jdbc.core.JdbcTemplate">
        <property name="dataSource" ref="dateSource"></property>
    </bean>

</beans>