<?xml version="1.0" encoding="UTF-8" ?>
<!DOCTYPE configuration PUBLIC "-//mybatis.org//DTD Config 3.0//EN"
"http://mybatis.org/dtd/mybatis-3-config.dtd">
<configuration>
	<!-- 读取db.properties  -->
	<properties resource="db.properties"></properties>
	
	<!-- 别名配置 -->
	<typeAliases>
		<package name="po" />
	</typeAliases>
	
	<!-- 配置数据源，连接池，事务管理器  -->
	<environments default="development">
		<environment id="development">
			<transactionManager type="JDBC" />
			<dataSource type="POOLED">
				<property name="driver" value="${driver}" />
				<property name="url" value="${url}" />
				<property name="username" value="${username}" />
				<property name="password" value="${password}" />
			</dataSource>
		</environment>
	</environments>
	<mappers>
		<mapper resource="po/UserMapper.xml" />
	</mappers>
</configuration>